Workbook

Sheet How to Use
A1: Niche Keyword Validation – Semrush Check
A2: Purpose: compare 4 agency niches on real search volume, CPC and keyword difficulty before committing.
A4: STEPS
A5: 1. Open Semrush → Keyword Overview → paste a list from the 'Paste Lists' sheet (up to 100 keywords per run).
A6: 2. Set the database shown above each list (IN = India, US = United States). CPC in Semrush is in USD.
A7: 3. Export the results (CSV), or type Volume, CPC and KD % into the YELLOW cells on the 'Keywords' sheet.
A8: Easiest: just upload the Semrush CSV exports in the chat and Claude will fill this sheet and analyse it.
A9: 4. The 'Niche Summary' sheet calculates totals, difficulty and an opportunity score automatically.
A11: LEGEND
A12: Yellow cells = inputs you fill from Semrush. All other cells are formulas – do not overwrite.
A13: Agency-side = what business owners search when looking to HIRE an agency (competition for your own website).
A14: Market-side = what their customers/buyers search (proves the niche's businesses have demand worth paying for).
... A19: EXAMPLE ROW (illustrative format only – not real data)
A20: Niche | B20: Keyword Type | C20: Database | D20: Keyword | E20: Volume | F20: CPC (USD) | G20: KD % | H20: Intent
A21: B. Solar & Energy | B21: Market-side | C21: IN | D21: rooftop solar price | E21: 2400 | F21: 0.45 | G21: 28 | H21: Commercial

Sheet Keywords
A1: # | B1: Niche | C1: Keyword Type | D1: Semrush DB | E1: Keyword | F1: Volume | G1: CPC (USD) | H1: KD % | I1: Intent | J1: Value (Vol×CPC, USD) | K1: Difficulty | L1: Notes
A2: 1 | B2: A. B2B Export | C2: Agency-side | D2: IN | E2: export marketing agency india | F2: 0 | G2: 0 | H2: 10 | J2: =IF(AND(ISNUMBER(F2),ISNUMBER(G2)),F2*G2,"") -> 0 | K2: =IF(H2="","",IF(H2<30,"Easy",IF(H2<50,"Medium",IF(H2<70,"Hard","Very hard")))) -> Easy | L2: Semrush n/a (below tracking threshold) – entered as 0
A3: 2 | B3: A. B2B Export | C3: Agency-side | D3: IN | E3: b2b digital marketing agency india | F3: 90 | G3: 0.67 | H3: 24 | I3: Commercial | J3: =IF(AND(ISNUMBER(F3),ISNUMBER(G3)),F3*G3,"") -> 60.3 | K3: =IF(H3="","",IF(H3<30,"Easy",IF(H3<50,"Medium",IF(H3<70,"Hard","Very hard")))) -> Easy
A4: 3 | B4: A. B2B Export | C4: Agency-side | D4: IN | E4: digital marketing for manufacturers | F4: 170 | G4: 0.92 | H4: 23 | I4: Informational | J4: =IF(AND(ISNUMBER(F4),ISNUMBER(G4)),F4*G4,"") -> 156.4 | K4: =IF(H4="","",IF(H4<30,"Easy",IF(H4<50,"Medium",IF(H4<70,"Hard","Very hard")))) -> Easy
A5: 4 | B5: A. B2B Export | C5: Agency-side | D5: IN | E5: digital marketing for exporters | F5: 20 | G5: 0 | H5: 13 | I5: Informational | J5: =IF(AND(ISNUMBER(F5),ISNUMBER(G5)),F5*G5,"") -> 0 | K5: =IF(H5="","",IF(H5<30,"Easy",IF(H5<50,"Medium",IF(H5<70,"Hard","Very hard")))) -> Easy
A6: 5 | B6: A. B2B Export | C6: Agency-side | D6: IN | E6: seo for manufacturers | F6: 260 | G6: 2.04 | H6: 36 | I6: Informational | J6: =IF(AND(ISNUMBER(F6),ISNUMBER(G6)),F6*G6,"") -> 530.4 | K6: =IF(H6="","",IF(H6<30,"Easy",IF(H6<50,"Medium",IF(H6<70,"Hard","Very hard")))) -> Medium
A7: 6 | B7: A. B2B Export | C7: Agency-side | D7: IN | E7: b2b seo agency india | F7: 0 | G7: 0 | H7: 7 | I7: Commercial | J7: =IF(AND(ISNUMBER(F7),ISNUMBER(G7)),F7*G7,"") -> 0 | K7: =IF(H7="","",IF(H7<30,"Easy",IF(H7<50,"Medium",IF(H7<70,"Hard","Very hard")))) -> Easy
A8: 7 | B8: A. B2B Export | C8: Agency-side | D8: IN | E8: industrial marketing agency | F8: 20 | G8: 0.49 | H8: 9 | I8: Commercial | J8: =IF(AND(ISNUMBER(F8),ISNUMBER(G8)),F8*G8,"") -> 9.8 | K8: =IF(H8="","",IF(H8<30,"Easy",IF(H8<50,"Medium",IF(H8<70,"Hard","Very hard")))) -> Easy
A9: 8 | B9: A. B2B Export | C9: Agency-side | D9: IN | E9: manufacturing website design | F9: 30 | G9: 0.39 | H9: 18 | I9: Commercial | J9: =IF(AND(ISNUMBER(F9),ISNUMBER(G9)),F9*G9,"") -> 11.7 | K9: =IF(H9="","",IF(H9<30,"Easy",IF(H9<50,"Medium",IF(H9<70,"Hard","Very hard")))) -> Easy
A10: 9 | B10: A. B2B Export | C10: Agency-side | D10: IN | E10: b2b lead generation company india | F10: 210 | G10: 0.87 | H10: 16 | I10: Informational | J10: =IF(AND(ISNUMBER(F10),ISNUMBER(G10)),F10*G10,"") -> 182.7 | K10: =IF(H10="","",IF(H10<30,"Easy",IF(H10<50,"Medium",IF(H10<70,"Hard","Very hard")))) -> Easy
A11: 10 | B11: A. B2B Export | C11: Agency-side | D11: IN | E11: export lead generation | F11: 30 | G11: 0.57 | H11: 5 | I11: Informational | J11: =IF(AND(ISNUMBER(F11),ISNUMBER(G11)),F11*G11,"") -> 17.1 | K11: =IF(H11="","",IF(H11<30,"Easy",IF(H11<50,"Medium",IF(H11<70,"Hard","Very hard")))) -> Easy
A12: 11 | B12: A. B2B Export | C12: Agency-side | D12: IN | E12: how to get international buyers | F12: 20 | G12: 0.24 | H12: 19 | I12: Informational | J12: =IF(AND(ISNUMBER(F12),ISNUMBER(G12)),F12*G12,"") -> 4.8 | K12: =IF(H12="","",IF(H12<30,"Easy",IF(H12<50,"Medium",IF(H12<70,"Hard","Very hard")))) -> Easy
A13: 12 | B13: A. B2B Export | C13: Agency-side | D13: IN | E13: how to find buyers for export | F13: 390 | G13: 0.22 | H13: 15 | I13: Informational | J13: =IF(AND(ISNUMBER(F13),ISNUMBER(G13)),F13*G13,"") -> 85.8 | K13: =IF(H13="","",IF(H13<30,"Easy",IF(H13<50,"Medium",IF(H13<70,"Hard","Very hard")))) -> Easy
A14: 13 | B14: A. B2B Export | C14: Agency-side | D14: IN | E14: how to get export orders | F14: 30 | G14: 0.18 | H14: 8 | I14: Informational | J14: =IF(AND(ISNUMBER(F14),ISNUMBER(G14)),F14*G14,"") -> 5.4 | K14: =IF(H14="","",IF(H14<30,"Easy",IF(H14<50,"Medium",IF(H14<70,"Hard","Very hard")))) -> Easy
A15: 14 | B15: A. B2B Export | C15: Agency-side | D15: IN | E15: linkedin marketing for b2b companies | F15: 0 | G15: 0 | H15: 59 | J15: =IF(AND(ISNUMBER(F15),ISNUMBER(G15)),F15*G15,"") -> 0 | K15: =IF(H15="","",IF(H15<30,"Easy",IF(H15<50,"Medium",IF(H15<70,"Hard","Very hard")))) -> Hard | L15: Semrush n/a (below tracking threshold) – entered as 0
A16: 15 | B16: A. B2B Export | C16: Agency-side | D16: IN | E16: google ads for manufacturers | F16: 0 | G16: 0 | H16: 18 | J16: =IF(AND(ISNUMBER(F16),ISNUMBER(G16)),F16*G16,"") -> 0 | K16: =IF(H16="","",IF(H16<30,"Easy",IF(H16<50,"Medium",IF(H16<70,"Hard","Very hard")))) -> Easy | L16: Semrush n/a (below tracking threshold) – entered as 0
A17: 16 | B17: A. B2B Export | C17: Agency-side | D17: IN | E17: b2b website development company | F17: 20 | G17: 0 | H17: 5 | I17: Informational | J17: =IF(AND(ISNUMBER(F17),ISNUMBER(G17)),F17*G17,"") -> 0 | K17: =IF(H17="","",IF(H17<30,"Easy",IF(H17<50,"Medium",IF(H17<70,"Hard","Very hard")))) -> Easy
A18: 17 | B18: A. B2B Export | C18: Agency-side | D18: IN | E18: industrial seo services | F18: 0 | G18: 0 | H18: 20 | J18: =IF(AND(ISNUMBER(F18),ISNUMBER(G18)),F18*G18,"") -> 0 | K18: =IF(H18="","",IF(H18<30,"Easy",IF(H18<50,"Medium",IF(H18<70,"Hard","Very hard")))) -> Easy | L18: Semrush n/a (below tracking threshold) – entered as 0
A19: 18 | B19: A. B2B Export | C19: Agency-side | D19: IN | E19: export business website | F19: 140 | G19: 0.3 | H19: 46 | I19: Informational | J19: =IF(AND(ISNUMBER(F19),ISNUMBER(G19)),F19*G19,"") -> 42 | K19: =IF(H19="","",IF(H19<30,"Easy",IF(H19<50,"Medium",IF(H19<70,"Hard","Very hard")))) -> Medium
A20: 19 | B20: A. B2B Export | C20: Agency-side | D20: IN | E20: alternative to indiamart | F20: 10 | G20: 0.17 | H20: 17 | I20: Commercial | J20: =IF(AND(ISNUMBER(F20),ISNUMBER(G20)),F20*G20,"") -> 1.7 | K20: =IF(H20="","",IF(H20<30,"Easy",IF(H20<50,"Medium",IF(H20<70,"Hard","Very hard")))) -> Easy
A21: 20 | B21: A. B2B Export | C21: Agency-side | D21: IN | E21: digital marketing agency for manufacturing companies | F21: 0 | G21: 0 | H21: 17 | J21: =IF(AND(ISNUMBER(F21),ISNUMBER(G21)),F21*G21,"") -> 0 | K21: =IF(H21="","",IF(H21<30,"Easy",IF(H21<50,"Medium",IF(H21<70,"Hard","Very hard")))) -> Easy | L21: Semrush n/a (below tracking threshold) – entered as 0
A22: 21 | B22: A. B2B Export | C22: Market-side | D22: US | E22: cnc machining services india | J22: =IF(AND(ISNUMBER(F22),ISNUMBER(G22)),F22*G22,"") | K22: =IF(H22="","",IF(H22<30,"Easy",IF(H22<50,"Medium",IF(H22<70,"Hard","Very hard"))))
A23: 22 | B23: A. B2B Export | C23: Market-side | D23: US | E23: precision machined components manufacturer india | J23: =IF(AND(ISNUMBER(F23),ISNUMBER(G23)),F23*G23,"") | K23: =IF(H23="","",IF(H23<30,"Easy",IF(H23<50,"Medium",IF(H23<70,"Hard","Very hard"))))
A24: 23 | B24: A. B2B Export | C24: Market-side | D24: US | E24: auto parts manufacturer india | J24: =IF(AND(ISNUMBER(F24),ISNUMBER(G24)),F24*G24,"") | K24: =IF(H24="","",IF(H24<30,"Easy",IF(H24<50,"Medium",IF(H24<70,"Hard","Very hard"))))
A25: 24 | B25: A. B2B Export | C25: Market-side | D25: US | E25: automotive components suppliers india | J25: =IF(AND(ISNUMBER(F25),ISNUMBER(G25)),F25*G25,"") | K25: =IF(H25="","",IF(H25<30,"Easy",IF(H25<50,"Medium",IF(H25<70,"Hard","Very hard"))))
A26: 25 | B26: A. B2B Export | C26: Market-side | D26: US | E26: forging manufacturers india | J26: =IF(AND(ISNUMBER(F26),ISNUMBER(G26)),F26*G26,"") | K26: =IF(H26="","",IF(H26<30,"Easy",IF(H26<50,"Medium",IF(H26<70,"Hard","Very hard"))))
A27: 26 | B27: A. B2B Export | C27: Market-side | D27: US | E27: casting manufacturers india | J27: =IF(AND(ISNUMBER(F27),ISNUMBER(G27)),F27*G27,"") | K27: =IF(H27="","",IF(H27<30,"Easy",IF(H27<50,"Medium",IF(H27<70,"Hard","Very hard"))))
A28: 27 | B28: A. B2B Export | C28: Market-side | D28: US | E28: industrial pumps manufacturer india | J28: =IF(AND(ISNUMBER(F28),ISNUMBER(G28)),F28*G28,"") | K28: =IF(H28="","",IF(H28<30,"Easy",IF(H28<50,"Medium",IF(H28<70,"Hard","Very hard"))))
A29: 28 | B29: A. B2B Export | C29: Market-side | D29: US | E29: submersible pump manufacturer india | J29: =IF(AND(ISNUMBER(F29),ISNUMBER(G29)),F29*G29,"") | K29: =IF(H29="","",IF(H29<30,"Easy",IF(H29<50,"Medium",IF(H29<70,"Hard","Very hard"))))
A30: 29 | B30: A. B2B Export | C30: Market-side | D30: US | E30: electric motor manufacturer india | J30: =IF(AND(ISNUMBER(F30),ISNUMBER(G30)),F30*G30,"") | K30: =IF(H30="","",IF(H30<30,"Easy",IF(H30<50,"Medium",IF(H30<70,"Hard","Very hard"))))
A31: 30 | B31: A. B2B Export | C31: Market-side | D31: US | E31: pcb assembly india | J31: =IF(AND(ISNUMBER(F31),ISNUMBER(G31)),F31*G31,"") | K31: =IF(H31="","",IF(H31<30,"Easy",IF(H31<50,"Medium",IF(H31<70,"Hard","Very hard"))))
A32: 31 | B32: A. B2B Export | C32: Market-side | D32: US | E32: electronics manufacturing services india | J32: =IF(AND(ISNUMBER(F32),ISNUMBER(G32)),F32*G32,"") | K32: =IF(H32="","",IF(H32<30,"Easy",IF(H32<50,"Medium",IF(H32<70,"Hard","Very hard"))))
A33: 32 | B33: A. B2B Export | C33: Market-side | D33: US | E33: contract manufacturing india | J33: =IF(AND(ISNUMBER(F33),ISNUMBER(G33)),F33*G33,"") | K33: =IF(H33="","",IF(H33<30,"Easy",IF(H33<50,"Medium",IF(H33<70,"Hard","Very hard"))))
... A51: 50 | B51: A. B2B Export | C51: Market-side | D51: US | E51: china plus one sourcing india | J51: =IF(AND(ISNUMBER(F51),ISNUMBER(G51)),F51*G51,"") | K51: =IF(H51="","",IF(H51<30,"Easy",IF(H51<50,"Medium",IF(H51<70,"Hard","Very hard"))))
A52: 51 | B52: B. Solar & Energy | C52: Agency-side | D52: IN | E52: solar marketing agency | F52: 30 | G52: 0.35 | H52: 17 | I52: Commercial | J52: =IF(AND(ISNUMBER(F52),ISNUMBER(G52)),F52*G52,"") -> 10.5 | K52: =IF(H52="","",IF(H52<30,"Easy",IF(H52<50,"Medium",IF(H52<70,"Hard","Very hard")))) -> Easy
A53: 52 | B53: B. Solar & Energy | C53: Agency-side | D53: IN | E53: digital marketing for solar companies | F53: 10 | G53: 0.31 | H53: 13 | I53: Informational | J53: =IF(AND(ISNUMBER(F53),ISNUMBER(G53)),F53*G53,"") -> 3.1 | K53: =IF(H53="","",IF(H53<30,"Easy",IF(H53<50,"Medium",IF(H53<70,"Hard","Very hard")))) -> Easy
A54: 53 | B54: B. Solar & Energy | C54: Agency-side | D54: IN | E54: solar lead generation | F54: 140 | G54: 1.56 | H54: 14 | I54: Informational | J54: =IF(AND(ISNUMBER(F54),ISNUMBER(G54)),F54*G54,"") -> 218.4 | K54: =IF(H54="","",IF(H54<30,"Easy",IF(H54<50,"Medium",IF(H54<70,"Hard","Very hard")))) -> Easy
A55: 54 | B55: B. Solar & Energy | C55: Agency-side | D55: IN | E55: solar leads india | F55: 20 | G55: 0 | H55: 2 | I55: Commercial | J55: =IF(AND(ISNUMBER(F55),ISNUMBER(G55)),F55*G55,"") -> 0 | K55: =IF(H55="","",IF(H55<30,"Easy",IF(H55<50,"Medium",IF(H55<70,"Hard","Very hard")))) -> Easy
A56: 55 | B56: B. Solar & Energy | C56: Agency-side | D56: IN | E56: seo for solar companies | F56: 20 | G56: 0 | H56: 23 | I56: Informational | J56: =IF(AND(ISNUMBER(F56),ISNUMBER(G56)),F56*G56,"") -> 0 | K56: =IF(H56="","",IF(H56<30,"Easy",IF(H56<50,"Medium",IF(H56<70,"Hard","Very hard")))) -> Easy
A57: 56 | B57: B. Solar & Energy | C57: Agency-side | D57: IN | E57: solar company website design | F57: 0 | G57: 0 | H57: 25 | J57: =IF(AND(ISNUMBER(F57),ISNUMBER(G57)),F57*G57,"") -> 0 | K57: =IF(H57="","",IF(H57<30,"Easy",IF(H57<50,"Medium",IF(H57<70,"Hard","Very hard")))) -> Easy | L57: Semrush n/a (below tracking threshold) – entered as 0
A58: 57 | B58: B. Solar & Energy | C58: Agency-side | D58: IN | E58: google ads for solar companies | F58: 0 | G58: 0 | H58: 10 | J58: =IF(AND(ISNUMBER(F58),ISNUMBER(G58)),F58*G58,"") -> 0 | K58: =IF(H58="","",IF(H58<30,"Easy",IF(H58<50,"Medium",IF(H58<70,"Hard","Very hard")))) -> Easy | L58: Semrush n/a (below tracking threshold) – entered as 0
A59: 58 | B59: B. Solar & Energy | C59: Agency-side | D59: IN | E59: facebook ads for solar | F59: 0 | G59: 0 | H59: 10 | I59: Informational | J59: =IF(AND(ISNUMBER(F59),ISNUMBER(G59)),F59*G59,"") -> 0 | K59: =IF(H59="","",IF(H59<30,"Easy",IF(H59<50,"Medium",IF(H59<70,"Hard","Very hard")))) -> Easy
A60: 59 | B60: B. Solar & Energy | C60: Agency-side | D60: IN | E60: how to get solar leads | F60: 0 | G60: 0 | H60: 25 | J60: =IF(AND(ISNUMBER(F60),ISNUMBER(G60)),F60*G60,"") -> 0 | K60: =IF(H60="","",IF(H60<30,"Easy",IF(H60<50,"Medium",IF(H60<70,"Hard","Very hard")))) -> Easy | L60: Semrush n/a (below tracking threshold) – entered as 0
A61: 60 | B61: B. Solar & Energy | C61: Agency-side | D61: IN | E61: solar installer marketing | F61: 0 | G61: 0 | H61: 23 | J61: =IF(AND(ISNUMBER(F61),ISNUMBER(G61)),F61*G61,"") -> 0 | K61: =IF(H61="","",IF(H61<30,"Easy",IF(H61<50,"Medium",IF(H61<70,"Hard","Very hard")))) -> Easy | L61: Semrush n/a (below tracking threshold) – entered as 0
A62: 61 | B62: B. Solar & Energy | C62: Agency-side | D62: IN | E62: solar epc marketing | F62: 0 | G62: 0 | H62: 12 | J62: =IF(AND(ISNUMBER(F62),ISNUMBER(G62)),F62*G62,"") -> 0 | K62: =IF(H62="","",IF(H62<30,"Easy",IF(H62<50,"Medium",IF(H62<70,"Hard","Very hard")))) -> Easy | L62: Semrush n/a (below tracking threshold) – entered as 0
A63: 62 | B63: B. Solar & Energy | C63: Agency-side | D63: IN | E63: ev charger business marketing | F63: 0 | G63: 0 | H63: 23 | J63: =IF(AND(ISNUMBER(F63),ISNUMBER(G63)),F63*G63,"") -> 0 | K63: =IF(H63="","",IF(H63<30,"Easy",IF(H63<50,"Medium",IF(H63<70,"Hard","Very hard")))) -> Easy | L63: Semrush n/a (below tracking threshold) – entered as 0
A64: 63 | B64: B. Solar & Energy | C64: Agency-side | D64: IN | E64: solar business ideas india | F64: 0 | G64: 0 | H64: 22 | J64: =IF(AND(ISNUMBER(F64),ISNUMBER(G64)),F64*G64,"") -> 0 | K64: =IF(H64="","",IF(H64<30,"Easy",IF(H64<50,"Medium",IF(H64<70,"Hard","Very hard")))) -> Easy | L64: Semrush n/a (below tracking threshold) – entered as 0
A65: 64 | B65: B. Solar & Energy | C65: Agency-side | D65: IN | E65: solar dealer marketing ideas | F65: 0 | G65: 0 | H65: 23 | J65: =IF(AND(ISNUMBER(F65),ISNUMBER(G65)),F65*G65,"") -> 0 | K65: =IF(H65="","",IF(H65<30,"Easy",IF(H65<50,"Medium",IF(H65<70,"Hard","Very hard")))) -> Easy | L65: Semrush n/a (below tracking threshold) – entered as 0
A66: 65 | B66: B. Solar & Energy | C66: Agency-side | D66: IN | E66: solar crm software india | F66: 0 | G66: 0 | H66: 28 | J66: =IF(AND(ISNUMBER(F66),ISNUMBER(G66)),F66*G66,"") -> 0 | K66: =IF(H66="","",IF(H66<30,"Easy",IF(H66<50,"Medium",IF(H66<70,"Hard","Very hard")))) -> Easy | L66: Semrush n/a (below tracking threshold) – entered as 0
A67: 66 | B67: B. Solar & Energy | C67: Market-side | D67: IN | E67: rooftop solar | J67: =IF(AND(ISNUMBER(F67),ISNUMBER(G67)),F67*G67,"") | K67: =IF(H67="","",IF(H67<30,"Easy",IF(H67<50,"Medium",IF(H67<70,"Hard","Very hard"))))
A68: 67 | B68: B. Solar & Energy | C68: Market-side | D68: IN | E68: rooftop solar price | J68: =IF(AND(ISNUMBER(F68),ISNUMBER(G68)),F68*G68,"") | K68: =IF(H68="","",IF(H68<30,"Easy",IF(H68<50,"Medium",IF(H68<70,"Hard","Very hard"))))
A69: 68 | B69: B. Solar & Energy | C69: Market-side | D69: IN | E69: solar panel price in chennai | J69: =IF(AND(ISNUMBER(F69),ISNUMBER(G69)),F69*G69,"") | K69: =IF(H69="","",IF(H69<30,"Easy",IF(H69<50,"Medium",IF(H69<70,"Hard","Very hard"))))
A70: 69 | B70: B. Solar & Energy | C70: Market-side | D70: IN | E70: solar panel installation chennai | J70: =IF(AND(ISNUMBER(F70),ISNUMBER(G70)),F70*G70,"") | K70: =IF(H70="","",IF(H70<30,"Easy",IF(H70<50,"Medium",IF(H70<70,"Hard","Very hard"))))
A71: 70 | B71: B. Solar & Energy | C71: Market-side | D71: IN | E71: rooftop solar chennai | J71: =IF(AND(ISNUMBER(F71),ISNUMBER(G71)),F71*G71,"") | K71: =IF(H71="","",IF(H71<30,"Easy",IF(H71<50,"Medium",IF(H71<70,"Hard","Very hard"))))
A72: 71 | B72: B. Solar & Energy | C72: Market-side | D72: IN | E72: solar panel coimbatore | J72: =IF(AND(ISNUMBER(F72),ISNUMBER(G72)),F72*G72,"") | K72: =IF(H72="","",IF(H72<30,"Easy",IF(H72<50,"Medium",IF(H72<70,"Hard","Very hard"))))
A73: 72 | B73: B. Solar & Energy | C73: Market-side | D73: IN | E73: solar companies in chennai | J73: =IF(AND(ISNUMBER(F73),ISNUMBER(G73)),F73*G73,"") | K73: =IF(H73="","",IF(H73<30,"Easy",IF(H73<50,"Medium",IF(H73<70,"Hard","Very hard"))))
A74: 73 | B74: B. Solar & Energy | C74: Market-side | D74: IN | E74: solar companies in coimbatore | J74: =IF(AND(ISNUMBER(F74),ISNUMBER(G74)),F74*G74,"") | K74: =IF(H74="","",IF(H74<30,"Easy",IF(H74<50,"Medium",IF(H74<70,"Hard","Very hard"))))
A75: 74 | B75: B. Solar & Energy | C75: Market-side | D75: IN | E75: solar subsidy tamil nadu | J75: =IF(AND(ISNUMBER(F75),ISNUMBER(G75)),F75*G75,"") | K75: =IF(H75="","",IF(H75<30,"Easy",IF(H75<50,"Medium",IF(H75<70,"Hard","Very hard"))))
A76: 75 | B76: B. Solar & Energy | C76: Market-side | D76: IN | E76: pm surya ghar | J76: =IF(AND(ISNUMBER(F76),ISNUMBER(G76)),F76*G76,"") | K76: =IF(H76="","",IF(H76<30,"Easy",IF(H76<50,"Medium",IF(H76<70,"Hard","Very hard"))))
A77: 76 | B77: B. Solar & Energy | C77: Market-side | D77: IN | E77: pm surya ghar yojana apply | J77: =IF(AND(ISNUMBER(F77),ISNUMBER(G77)),F77*G77,"") | K77: =IF(H77="","",IF(H77<30,"Easy",IF(H77<50,"Medium",IF(H77<70,"Hard","Very hard"))))
A78: 77 | B78: B. Solar & Energy | C78: Market-side | D78: IN | E78: pm surya ghar subsidy | J78: =IF(AND(ISNUMBER(F78),ISNUMBER(G78)),F78*G78,"") | K78: =IF(H78="","",IF(H78<30,"Easy",IF(H78<50,"Medium",IF(H78<70,"Hard","Very hard"))))
... A101: 100 | B101: B. Solar & Energy | C101: Market-side | D101: IN | E101: solar amc service | J101: =IF(AND(ISNUMBER(F101),ISNUMBER(G101)),F101*G101,"") | K101: =IF(H101="","",IF(H101<30,"Easy",IF(H101<50,"Medium",IF(H101<70,"Hard","Very hard"))))
A102: 101 | B102: C. Cross-border E-com | C102: Agency-side | D102: IN | E102: amazon global selling | F102: 5400 | G102: 0.32 | H102: 44 | I102: Transactional | J102: =IF(AND(ISNUMBER(F102),ISNUMBER(G102)),F102*G102,"") -> 1728 | K102: =IF(H102="","",IF(H102<30,"Easy",IF(H102<50,"Medium",IF(H102<70,"Hard","Very hard")))) -> Medium
A103: 102 | B103: C. Cross-border E-com | C103: Agency-side | D103: IN | E103: amazon global selling india | F103: 20 | G103: 0.41 | H103: 40 | I103: Informational | J103: =IF(AND(ISNUMBER(F103),ISNUMBER(G103)),F103*G103,"") -> 8.2 | K103: =IF(H103="","",IF(H103<30,"Easy",IF(H103<50,"Medium",IF(H103<70,"Hard","Very hard")))) -> Medium
A104: 103 | B104: C. Cross-border E-com | C104: Agency-side | D104: IN | E104: how to sell on amazon usa from india | F104: 110 | G104: 0.18 | H104: 31 | I104: Informational | J104: =IF(AND(ISNUMBER(F104),ISNUMBER(G104)),F104*G104,"") -> 19.8 | K104: =IF(H104="","",IF(H104<30,"Easy",IF(H104<50,"Medium",IF(H104<70,"Hard","Very hard")))) -> Medium
A105: 104 | B105: C. Cross-border E-com | C105: Agency-side | D105: IN | E105: sell on amazon us from india | F105: 20 | G105: 0.21 | H105: 38 | I105: Transactional | J105: =IF(AND(ISNUMBER(F105),ISNUMBER(G105)),F105*G105,"") -> 4.2 | K105: =IF(H105="","",IF(H105<30,"Easy",IF(H105<50,"Medium",IF(H105<70,"Hard","Very hard")))) -> Medium
A106: 105 | B106: C. Cross-border E-com | C106: Agency-side | D106: IN | E106: etsy seller india | F106: 260 | G106: 0.19 | H106: 53 | I106: Informational | J106: =IF(AND(ISNUMBER(F106),ISNUMBER(G106)),F106*G106,"") -> 49.4 | K106: =IF(H106="","",IF(H106<30,"Easy",IF(H106<50,"Medium",IF(H106<70,"Hard","Very hard")))) -> Hard
A107: 106 | B107: C. Cross-border E-com | C107: Agency-side | D107: IN | E107: how to sell on etsy from india | F107: 170 | G107: 0.04 | H107: 34 | I107: Informational | J107: =IF(AND(ISNUMBER(F107),ISNUMBER(G107)),F107*G107,"") -> 6.8 | K107: =IF(H107="","",IF(H107<30,"Easy",IF(H107<50,"Medium",IF(H107<70,"Hard","Very hard")))) -> Medium
A108: 107 | B108: C. Cross-border E-com | C108: Agency-side | D108: IN | E108: shopify international store india | F108: 0 | G108: 0 | H108: 54 | J108: =IF(AND(ISNUMBER(F108),ISNUMBER(G108)),F108*G108,"") -> 0 | K108: =IF(H108="","",IF(H108<30,"Easy",IF(H108<50,"Medium",IF(H108<70,"Hard","Very hard")))) -> Hard | L108: Semrush n/a (below tracking threshold) – entered as 0
A109: 108 | B109: C. Cross-border E-com | C109: Agency-side | D109: IN | E109: ecommerce export from india | F109: 90 | G109: 0.25 | H109: 21 | I109: Informational | J109: =IF(AND(ISNUMBER(F109),ISNUMBER(G109)),F109*G109,"") -> 22.5 | K109: =IF(H109="","",IF(H109<30,"Easy",IF(H109<50,"Medium",IF(H109<70,"Hard","Very hard")))) -> Easy
A110: 109 | B110: C. Cross-border E-com | C110: Agency-side | D110: IN | E110: cross border ecommerce india | F110: 30 | G110: 0 | H110: 26 | I110: Informational | J110: =IF(AND(ISNUMBER(F110),ISNUMBER(G110)),F110*G110,"") -> 0 | K110: =IF(H110="","",IF(H110<30,"Easy",IF(H110<50,"Medium",IF(H110<70,"Hard","Very hard")))) -> Easy
A111: 110 | B111: C. Cross-border E-com | C111: Agency-side | D111: IN | E111: amazon account management services | F111: 720 | G111: 0.61 | H111: 23 | I111: Informational | J111: =IF(AND(ISNUMBER(F111),ISNUMBER(G111)),F111*G111,"") -> 439.2 | K111: =IF(H111="","",IF(H111<30,"Easy",IF(H111<50,"Medium",IF(H111<70,"Hard","Very hard")))) -> Easy
A112: 111 | B112: C. Cross-border E-com | C112: Agency-side | D112: IN | E112: amazon ppc agency | F112: 170 | G112: 1.77 | H112: 23 | I112: Informational | J112: =IF(AND(ISNUMBER(F112),ISNUMBER(G112)),F112*G112,"") -> 300.9 | K112: =IF(H112="","",IF(H112<30,"Easy",IF(H112<50,"Medium",IF(H112<70,"Hard","Very hard")))) -> Easy
A113: 112 | B113: C. Cross-border E-com | C113: Agency-side | D113: IN | E113: amazon listing optimization service | F113: 20 | G113: 1.21 | H113: 20 | I113: Informational | J113: =IF(AND(ISNUMBER(F113),ISNUMBER(G113)),F113*G113,"") -> 24.2 | K113: =IF(H113="","",IF(H113<30,"Easy",IF(H113<50,"Medium",IF(H113<70,"Hard","Very hard")))) -> Easy
A114: 113 | B114: C. Cross-border E-com | C114: Agency-side | D114: IN | E114: walmart marketplace seller india | F114: 0 | G114: 0 | H114: 52 | J114: =IF(AND(ISNUMBER(F114),ISNUMBER(G114)),F114*G114,"") -> 0 | K114: =IF(H114="","",IF(H114<30,"Easy",IF(H114<50,"Medium",IF(H114<70,"Hard","Very hard")))) -> Hard | L114: Semrush n/a (below tracking threshold) – entered as 0
A115: 114 | B115: C. Cross-border E-com | C115: Agency-side | D115: IN | E115: sell on ebay from india | F115: 10 | G115: 0 | H115: 30 | I115: Informational | J115: =IF(AND(ISNUMBER(F115),ISNUMBER(G115)),F115*G115,"") -> 0 | K115: =IF(H115="","",IF(H115<30,"Easy",IF(H115<50,"Medium",IF(H115<70,"Hard","Very hard")))) -> Medium
A116: 115 | B116: C. Cross-border E-com | C116: Agency-side | D116: IN | E116: ecommerce export business | F116: 0 | G116: 0 | H116: 30 | J116: =IF(AND(ISNUMBER(F116),ISNUMBER(G116)),F116*G116,"") -> 0 | K116: =IF(H116="","",IF(H116<30,"Easy",IF(H116<50,"Medium",IF(H116<70,"Hard","Very hard")))) -> Medium | L116: Semrush n/a (below tracking threshold) – entered as 0
A117: 116 | B117: C. Cross-border E-com | C117: Agency-side | D117: IN | E117: amazon global selling consultant | F117: 0 | G117: 0 | H117: 23 | J117: =IF(AND(ISNUMBER(F117),ISNUMBER(G117)),F117*G117,"") -> 0 | K117: =IF(H117="","",IF(H117<30,"Easy",IF(H117<50,"Medium",IF(H117<70,"Hard","Very hard")))) -> Easy | L117: Semrush n/a (below tracking threshold) – entered as 0
A118: 117 | B118: C. Cross-border E-com | C118: Agency-side | D118: IN | E118: how to export products from india online | F118: 0 | G118: 0 | H118: 50 | J118: =IF(AND(ISNUMBER(F118),ISNUMBER(G118)),F118*G118,"") -> 0 | K118: =IF(H118="","",IF(H118<30,"Easy",IF(H118<50,"Medium",IF(H118<70,"Hard","Very hard")))) -> Hard | L118: Semrush n/a (below tracking threshold) – entered as 0
A119: 118 | B119: C. Cross-border E-com | C119: Agency-side | D119: IN | E119: amazon fba from india | F119: 0 | G119: 0 | H119: 41 | J119: =IF(AND(ISNUMBER(F119),ISNUMBER(G119)),F119*G119,"") -> 0 | K119: =IF(H119="","",IF(H119<30,"Easy",IF(H119<50,"Medium",IF(H119<70,"Hard","Very hard")))) -> Medium | L119: Semrush n/a (below tracking threshold) – entered as 0
A120: 119 | B120: C. Cross-border E-com | C120: Agency-side | D120: IN | E120: noon seller from india | F120: 0 | G120: 0 | H120: 23 | J120: =IF(AND(ISNUMBER(F120),ISNUMBER(G120)),F120*G120,"") -> 0 | K120: =IF(H120="","",IF(H120<30,"Easy",IF(H120<50,"Medium",IF(H120<70,"Hard","Very hard")))) -> Easy | L120: Semrush n/a (below tracking threshold) – entered as 0
A121: 120 | B121: C. Cross-border E-com | C121: Agency-side | D121: IN | E121: sell on amazon uae from india | F121: 0 | G121: 0 | H121: 33 | J121: =IF(AND(ISNUMBER(F121),ISNUMBER(G121)),F121*G121,"") -> 0 | K121: =IF(H121="","",IF(H121<30,"Easy",IF(H121<50,"Medium",IF(H121<70,"Hard","Very hard")))) -> Medium | L121: Semrush n/a (below tracking threshold) – entered as 0
A122: 121 | B122: C. Cross-border E-com | C122: Market-side | D122: US | E122: kanchipuram silk saree | J122: =IF(AND(ISNUMBER(F122),ISNUMBER(G122)),F122*G122,"") | K122: =IF(H122="","",IF(H122<30,"Easy",IF(H122<50,"Medium",IF(H122<70,"Hard","Very hard"))))
A123: 122 | B123: C. Cross-border E-com | C123: Market-side | D123: US | E123: kanjeevaram saree online usa | J123: =IF(AND(ISNUMBER(F123),ISNUMBER(G123)),F123*G123,"") | K123: =IF(H123="","",IF(H123<30,"Easy",IF(H123<50,"Medium",IF(H123<70,"Hard","Very hard"))))
A124: 123 | B124: C. Cross-border E-com | C124: Market-side | D124: US | E124: silk sarees online | J124: =IF(AND(ISNUMBER(F124),ISNUMBER(G124)),F124*G124,"") | K124: =IF(H124="","",IF(H124<30,"Easy",IF(H124<50,"Medium",IF(H124<70,"Hard","Very hard"))))
A125: 124 | B125: C. Cross-border E-com | C125: Market-side | D125: US | E125: indian sarees online usa | J125: =IF(AND(ISNUMBER(F125),ISNUMBER(G125)),F125*G125,"") | K125: =IF(H125="","",IF(H125<30,"Easy",IF(H125<50,"Medium",IF(H125<70,"Hard","Very hard"))))
A126: 125 | B126: C. Cross-border E-com | C126: Market-side | D126: US | E126: indian ethnic wear online usa | J126: =IF(AND(ISNUMBER(F126),ISNUMBER(G126)),F126*G126,"") | K126: =IF(H126="","",IF(H126<30,"Easy",IF(H126<50,"Medium",IF(H126<70,"Hard","Very hard"))))
A127: 126 | B127: C. Cross-border E-com | C127: Market-side | D127: US | E127: indian jewelry online | J127: =IF(AND(ISNUMBER(F127),ISNUMBER(G127)),F127*G127,"") | K127: =IF(H127="","",IF(H127<30,"Easy",IF(H127<50,"Medium",IF(H127<70,"Hard","Very hard"))))
A128: 127 | B128: C. Cross-border E-com | C128: Market-side | D128: US | E128: temple jewelry | J128: =IF(AND(ISNUMBER(F128),ISNUMBER(G128)),F128*G128,"") | K128: =IF(H128="","",IF(H128<30,"Easy",IF(H128<50,"Medium",IF(H128<70,"Hard","Very hard"))))
A129: 128 | B129: C. Cross-border E-com | C129: Market-side | D129: US | E129: indian grocery online usa | J129: =IF(AND(ISNUMBER(F129),ISNUMBER(G129)),F129*G129,"") | K129: =IF(H129="","",IF(H129<30,"Easy",IF(H129<50,"Medium",IF(H129<70,"Hard","Very hard"))))
A130: 129 | B130: C. Cross-border E-com | C130: Market-side | D130: US | E130: indian snacks online | J130: =IF(AND(ISNUMBER(F130),ISNUMBER(G130)),F130*G130,"") | K130: =IF(H130="","",IF(H130<30,"Easy",IF(H130<50,"Medium",IF(H130<70,"Hard","Very hard"))))
A131: 130 | B131: C. Cross-border E-com | C131: Market-side | D131: US | E131: south indian filter coffee | J131: =IF(AND(ISNUMBER(F131),ISNUMBER(G131)),F131*G131,"") | K131: =IF(H131="","",IF(H131<30,"Easy",IF(H131<50,"Medium",IF(H131<70,"Hard","Very hard"))))
A132: 131 | B132: C. Cross-border E-com | C132: Market-side | D132: US | E132: filter coffee powder | J132: =IF(AND(ISNUMBER(F132),ISNUMBER(G132)),F132*G132,"") | K132: =IF(H132="","",IF(H132<30,"Easy",IF(H132<50,"Medium",IF(H132<70,"Hard","Very hard"))))
A133: 132 | B133: C. Cross-border E-com | C133: Market-side | D133: US | E133: indian spices online | J133: =IF(AND(ISNUMBER(F133),ISNUMBER(G133)),F133*G133,"") | K133: =IF(H133="","",IF(H133<30,"Easy",IF(H133<50,"Medium",IF(H133<70,"Hard","Very hard"))))
... A151: 150 | B151: C. Cross-border E-com | C151: Market-side | D151: US | E151: indian gifts online usa | J151: =IF(AND(ISNUMBER(F151),ISNUMBER(G151)),F151*G151,"") | K151: =IF(H151="","",IF(H151<30,"Easy",IF(H151<50,"Medium",IF(H151<70,"Hard","Very hard"))))
A152: 151 | B152: F. E-com Agency (baseline) | C152: Agency-side | D152: IN | E152: ecommerce website development company | F152: 1000 | G152: 0.87 | H152: 27 | I152: Commercial | J152: =IF(AND(ISNUMBER(F152),ISNUMBER(G152)),F152*G152,"") -> 870 | K152: =IF(H152="","",IF(H152<30,"Easy",IF(H152<50,"Medium",IF(H152<70,"Hard","Very hard")))) -> Easy
A153: 152 | B153: F. E-com Agency (baseline) | C153: Agency-side | D153: IN | E153: ecommerce website development chennai | F153: 170 | G153: 0 | H153: 10 | I153: Commercial | J153: =IF(AND(ISNUMBER(F153),ISNUMBER(G153)),F153*G153,"") -> 0 | K153: =IF(H153="","",IF(H153<30,"Easy",IF(H153<50,"Medium",IF(H153<70,"Hard","Very hard")))) -> Easy
A154: 153 | B154: F. E-com Agency (baseline) | C154: Agency-side | D154: IN | E154: shopify development company india | F154: 170 | G154: 0.93 | H154: 21 | I154: Informational | J154: =IF(AND(ISNUMBER(F154),ISNUMBER(G154)),F154*G154,"") -> 158.1 | K154: =IF(H154="","",IF(H154<30,"Easy",IF(H154<50,"Medium",IF(H154<70,"Hard","Very hard")))) -> Easy
A155: 154 | B155: F. E-com Agency (baseline) | C155: Agency-side | D155: IN | E155: shopify experts india | F155: 320 | G155: 1.02 | H155: 21 | I155: Informational | J155: =IF(AND(ISNUMBER(F155),ISNUMBER(G155)),F155*G155,"") -> 326.4 | K155: =IF(H155="","",IF(H155<30,"Easy",IF(H155<50,"Medium",IF(H155<70,"Hard","Very hard")))) -> Easy
A156: 155 | B156: F. E-com Agency (baseline) | C156: Agency-side | D156: IN | E156: shopify website development chennai | F156: 0 | G156: 0 | H156: 10 | J156: =IF(AND(ISNUMBER(F156),ISNUMBER(G156)),F156*G156,"") -> 0 | K156: =IF(H156="","",IF(H156<30,"Easy",IF(H156<50,"Medium",IF(H156<70,"Hard","Very hard")))) -> Easy | L156: Semrush n/a (below tracking threshold) – entered as 0
...

Sheet Niche Summary
A1: Niche Summary – auto-calculated from the Keywords sheet
A2: Fill the yellow cells on 'Keywords'; everything here updates automatically. Blank until data is entered.
A4: Niche | B4: Keywords listed | C4: Keywords filled | D4: Total volume | E4: Agency-side volume | F4: Market-side volume | G4: Weighted avg CPC (USD) | H4: Avg KD % (all) | I4: Avg KD % (agency-side) | J4: Total value (USD/mo) | K4: Opportunity score | L4: Rank
A5: A. B2B Export | B5: =COUNTIFS(Keywords!$B$2:$B$176,A5) -> 50 | C5: =COUNTIFS(Keywords!$B$2:$B$176,A5,Keywords!$F$2:$F$176,"<>") -> 20 | D5: =IF(C5=0,"",SUMIFS(Keywords!$F$2:$F$176,Keywords!$B$2:$B$176,A5)) -> 1440 | E5: =IF(C5=0,"",SUMIFS(Keywords!$F$2:$F$176,Keywords!$B$2:$B$176,A5,Keywords!$C$2:$C$176,"Agency-side")) -> 1440 | F5: =IF(C5=0,"",SUMIFS(Keywords!$F$2:$F$176,Keywords!$B$2:$B$176,A5,Keywords!$C$2:$C$176,"Market-side")) -> 0 | G5: =IF(C5=0,"",IFERROR(J5/D5,"")) -> 0.76951389 | H5: =IFERROR(AVERAGEIFS(Keywords!$H$2:$H$176,Keywords!$B$2:$B$176,A5,Keywords!$H$2:$H$176,"<>"),"") -> 19.25 | I5: =IFERROR(AVERAGEIFS(Keywords!$H$2:$H$176,Keywords!$B$2:$B$176,A5,Keywords!$C$2:$C$176,"Agency-side",Keywords!$H$2:$H$176,"<>"),"") -> 19.25 | J5: =IF(C5=0,"",SUMIFS(Keywords!$J$2:$J$176,Keywords!$B$2:$B$176,A5)) -> 1108.1 | K5: =IF(OR(J5="",H5=""),"",J5/MAX(H5,1)) -> 57.563636 | L5: =IF(K5="","",COUNTIF($K$5:$K$8,">"&K5)+1) -> 3
A6: B. Solar & Energy | B6: =COUNTIFS(Keywords!$B$2:$B$176,A6) -> 50 | C6: =COUNTIFS(Keywords!$B$2:$B$176,A6,Keywords!$F$2:$F$176,"<>") -> 15 | D6: =IF(C6=0,"",SUMIFS(Keywords!$F$2:$F$176,Keywords!$B$2:$B$176,A6)) -> 220 | E6: =IF(C6=0,"",SUMIFS(Keywords!$F$2:$F$176,Keywords!$B$2:$B$176,A6,Keywords!$C$2:$C$176,"Agency-side")) -> 220 | F6: =IF(C6=0,"",SUMIFS(Keywords!$F$2:$F$176,Keywords!$B$2:$B$176,A6,Keywords!$C$2:$C$176,"Market-side")) -> 0 | G6: =IF(C6=0,"",IFERROR(J6/D6,"")) -> 1.0545455 | H6: =IFERROR(AVERAGEIFS(Keywords!$H$2:$H$176,Keywords!$B$2:$B$176,A6,Keywords!$H$2:$H$176,"<>"),"") -> 18 | I6: =IFERROR(AVERAGEIFS(Keywords!$H$2:$H$176,Keywords!$B$2:$B$176,A6,Keywords!$C$2:$C$176,"Agency-side",Keywords!$H$2:$H$176,"<>"),"") -> 18 | J6: =IF(C6=0,"",SUMIFS(Keywords!$J$2:$J$176,Keywords!$B$2:$B$176,A6)) -> 232 | K6: =IF(OR(J6="",H6=""),"",J6/MAX(H6,1)) -> 12.888889 | L6: =IF(K6="","",COUNTIF($K$5:$K$8,">"&K6)+1) -> 4
A7: C. Cross-border E-com | B7: =COUNTIFS(Keywords!$B$2:$B$176,A7) -> 50 | C7: =COUNTIFS(Keywords!$B$2:$B$176,A7,Keywords!$F$2:$F$176,"<>") -> 20 | D7: =IF(C7=0,"",SUMIFS(Keywords!$F$2:$F$176,Keywords!$B$2:$B$176,A7)) -> 7020 | E7: =IF(C7=0,"",SUMIFS(Keywords!$F$2:$F$176,Keywords!$B$2:$B$176,A7,Keywords!$C$2:$C$176,"Agency-side")) -> 7020 | F7: =IF(C7=0,"",SUMIFS(Keywords!$F$2:$F$176,Keywords!$B$2:$B$176,A7,Keywords!$C$2:$C$176,"Market-side")) -> 0 | G7: =IF(C7=0,"",IFERROR(J7/D7,"")) -> 0.37082621 | H7: =IFERROR(AVERAGEIFS(Keywords!$H$2:$H$176,Keywords!$B$2:$B$176,A7,Keywords!$H$2:$H$176,"<>"),"") -> 34.45 | I7: =IFERROR(AVERAGEIFS(Keywords!$H$2:$H$176,Keywords!$B$2:$B$176,A7,Keywords!$C$2:$C$176,"Agency-side",Keywords!$H$2:$H$176,"<>"),"") -> 34.45 | J7: =IF(C7=0,"",SUMIFS(Keywords!$J$2:$J$176,Keywords!$B$2:$B$176,A7)) -> 2603.2 | K7: =IF(OR(J7="",H7=""),"",J7/MAX(H7,1)) -> 75.564586 | L7: =IF(K7="","",COUNTIF($K$5:$K$8,">"&K7)+1) -> 2
A8: F. E-com Agency (baseline) | B8: =COUNTIFS(Keywords!$B$2:$B$176,A8) -> 25 | C8: =COUNTIFS(Keywords!$B$2:$B$176,A8,Keywords!$F$2:$F$176,"<>") -> 25 | D8: =IF(C8=0,"",SUMIFS(Keywords!$F$2:$F$176,Keywords!$B$2:$B$176,A8)) -> 12570 | E8: =IF(C8=0,"",SUMIFS(Keywords!$F$2:$F$176,Keywords!$B$2:$B$176,A8,Keywords!$C$2:$C$176,"Agency-side")) -> 12570 | F8: =IF(C8=0,"",SUMIFS(Keywords!$F$2:$F$176,Keywords!$B$2:$B$176,A8,Keywords!$C$2:$C$176,"Market-side")) -> 0 | G8: =IF(C8=0,"",IFERROR(J8/D8,"")) -> 0.50319809 | H8: =IFERROR(AVERAGEIFS(Keywords!$H$2:$H$176,Keywords!$B$2:$B$176,A8,Keywords!$H$2:$H$176,"<>"),"") -> 16.28 | I8: =IFERROR(AVERAGEIFS(Keywords!$H$2:$H$176,Keywords!$B$2:$B$176,A8,Keywords!$C$2:$C$176,"Agency-side",Keywords!$H$2:$H$176,"<>"),"") -> 16.28 | J8: =IF(C8=0,"",SUMIFS(Keywords!$J$2:$J$176,Keywords!$B$2:$B$176,A8)) -> 6325.2 | K8: =IF(OR(J8="",H8=""),"",J8/MAX(H8,1)) -> 388.5258 | L8: =IF(K8="","",COUNTIF($K$5:$K$8,">"&K8)+1) -> 1
A10: How to read it:
A11: • Market-side volume + CPC high → the niche's businesses have money and real customer demand.
A12: • Agency-side KD low → few agencies compete for that niche on Google, so your own site can rank faster (the 'untouched' test).
A13: • Opportunity score = Total value ÷ Avg KD. Compare niches against the F baseline (general e-commerce agency).
A14: • Sanity rule: a niche wins only if it also passes the landing-page ad test and 20 owner phone calls (Steps 2–4 of the plan).

Sheet Paste Lists
A1: Copy one column at a time into Semrush Keyword Overview (bulk). Set the database shown in row 3.
A2: A. B2B Export – Agency-side | B2: A. B2B Export – Market-side | C2: B. Solar & Energy – Agency-side | D2: B. Solar & Energy – Market-side | E2: C. Cross-border E-com – Agency-side | F2: C. Cross-border E-com – Market-side | G2: F. E-com Agency (baseline) – Agency-side
A3: Semrush database: IN | B3: Semrush database: US | C3: Semrush database: IN | D3: Semrush database: IN | E3: Semrush database: IN | F3: Semrush database: US | G3: Semrush database: IN
A4: export marketing agency india | B4: cnc machining services india | C4: solar marketing agency | D4: rooftop solar | E4: amazon global selling | F4: kanchipuram silk saree | G4: ecommerce website development company
A5: b2b digital marketing agency india | B5: precision machined components manufacturer india | C5: digital marketing for solar companies | D5: rooftop solar price | E5: amazon global selling india | F5: kanjeevaram saree online usa | G5: ecommerce website development chennai
A6: digital marketing for manufacturers | B6: auto parts manufacturer india | C6: solar lead generation | D6: solar panel price in chennai | E6: how to sell on amazon usa from india | F6: silk sarees online | G6: shopify development company india
A7: digital marketing for exporters | B7: automotive components suppliers india | C7: solar leads india | D7: solar panel installation chennai | E7: sell on amazon us from india | F7: indian sarees online usa | G7: shopify experts india
A8: seo for manufacturers | B8: forging manufacturers india | C8: seo for solar companies | D8: rooftop solar chennai | E8: etsy seller india | F8: indian ethnic wear online usa | G8: shopify website development chennai
A9: b2b seo agency india | B9: casting manufacturers india | C9: solar company website design | D9: solar panel coimbatore | E9: how to sell on etsy from india | F9: indian jewelry online | G9: woocommerce development company
A10: industrial marketing agency | B10: industrial pumps manufacturer india | C10: google ads for solar companies | D10: solar companies in chennai | E10: shopify international store india | F10: temple jewelry | G10: ecommerce seo agency
A11: manufacturing website design | B11: submersible pump manufacturer india | C11: facebook ads for solar | D11: solar companies in coimbatore | E11: ecommerce export from india | F11: indian grocery online usa | G11: ecommerce seo services india
A12: b2b lead generation company india | B12: electric motor manufacturer india | C12: how to get solar leads | D12: solar subsidy tamil nadu | E12: cross border ecommerce india | F12: indian snacks online | G12: ecommerce marketing agency
A13: export lead generation | B13: pcb assembly india | C13: solar installer marketing | D13: pm surya ghar | E13: amazon account management services | F13: south indian filter coffee | G13: ecommerce marketing agency india
... A18: google ads for manufacturers | B18: wind turbine components india | C18: solar crm software india | D18: 10kw solar system price | E18: ecommerce export business | F18: ayurvedic hair oil | G18: flipkart ads management
A19: b2b website development company | B19: leather goods manufacturer india | D19: on grid solar system price | E19: amazon global selling consultant | F19: herbal hair oil | G19: flipkart account management services
A20: industrial seo services | B20: leather bags manufacturer india | D20: solar panel for home price | E20: how to export products from india online | F20: organic cotton t shirts | G20: blinkit ads
A21: export business website | B21: t shirt manufacturer india | D21: solar inverter price | E21: amazon fba from india | F21: cotton kurtis online | G21: quick commerce marketing agency
A22: alternative to indiamart | B22: private label clothing manufacturer india | D22: solar battery price | E22: noon seller from india | F22: brass pooja items | G22: digital marketing agency chennai
A23: digital marketing agency for manufacturing companies | B23: organic cotton t shirt manufacturer | D23: solar water heater price | E23: sell on amazon uae from india | F23: brass lamp | G23: seo company in chennai
B24: knitwear manufacturer india | D24: solar power plant for factory | F24: copper water bottle | G24: google ads agency chennai
B25: home textiles manufacturer india | D25: commercial solar installation | F25: tanjore painting | G25: meta ads agency india
B26: towel manufacturer india | D26: industrial rooftop solar | F26: handloom cotton saree | G26: ecommerce website cost in india
B27: spice exporters india | D27: open access solar tamil nadu | F27: banana chips online | G27: shopify store setup service
B28: coconut products exporter india | D28: solar epc companies in india | F28: millet snacks | G28: amazon seller account management chennai
B29: coir products manufacturer | D29: solar net metering tamil nadu | F29: murukku online
B30: rubber products manufacturer india | D30: tangedco solar | F30: indian sweets online usa
B31: engineering components sourcing india | D31: home battery storage india | F31: coconut oil cold pressed
B32: outsourcing manufacturing to india | D32: ev charger installation chennai | F32: wooden toys india
B33: china plus one sourcing india | D33: ev charging station franchise | F33: indian gifts online usa
D34: solar panel cleaning service
D35: solar street light price
D36: solar pump price
D37: pm kusum yojana
D38: solar amc service
